Departamento,1979,1980,1981,1982,1983,1984,1985,1986,1987,1988,1989,1990,1991,1992,1993,1994,1995,1996,1997,1998,1999,2000,2001,2002,2003,2004,2005,2006,2007,2008,2009,2010,2011,2012,2013,2014,2015,2016,2017,2018,2019,2020
Amazonas,25.04,25.09,24.97,24.86,25.32,24.62,24.82,24.53,25.07,24.98,24.61,24.86,24.92,24.96,24.67,24.73,25.15,24.70,24.99,25.31,24.58,24.71,24.75,24.92,24.96,25.12,25.38,25.14,25.18,25.12,25.22,25.63,25.16,24.95,25.12,25.16,25.41,25.60,25.39,25.09,25.21,25.63
Antioquia,22.16,22.54,22.05,22.09,22.17,21.17,21.41,21.58,22.38,21.78,21.55,21.92,22.11,22.02,21.96,21.86,22.05,21.57,22.48,22.66,21.59,21.84,22.32,22.78,22.68,22.61,22.91,22.59,22.57,22.16,22.97,23.12,22.69,23.04,23.17,23.36,23.82,23.77,23.41,23.27,23.70,24.10
Arauca,24.23,24.34,24.11,23.77,24.27,23.92,23.94,23.89,24.50,24.43,23.74,23.85,24.06,24.44,24.20,24.20,24.64,24.36,24.32,24.79,23.85,24.09,24.28,24.20,24.52,24.51,24.89,24.67,24.78,24.64,24.71,25.21,24.57,24.47,24.96,25.05,24.99,25.24,24.76,24.61,25.09,26.20
Atlantico,27.00,27.26,27.02,26.97,27.21,26.46,26.45,26.82,27.39,26.83,26.70,27.00,27.04,26.92,27.08,27.01,27.07,26.93,27.41,27.45,26.69,26.77,26.98,27.53,27.41,27.30,27.47,27.40,27.22,27.04,27.50,27.50,27.18,27.53,27.58,27.75,27.98,27.88,27.78,27.62,27.90,27.95
Bolivar,26.18,26.50,25.87,25.92,26.09,25.11,25.53,25.60,26.26,25.78,25.51,25.89,26.17,25.98,25.92,25.88,26.07,25.61,26.65,26.58,25.45,25.75,26.16,26.79,26.66,26.58,26.65,26.43,26.42,26.08,26.80,26.75,26.32,26.91,26.99,27.25,27.69,27.58,27.27,27.11,27.51,28.03
Boyaca,15.05,15.35,14.99,14.86,15.16,14.42,14.49,14.54,15.30,14.91,14.59,14.93,15.13,15.09,14.96,14.81,15.06,14.70,15.22,15.69,14.69,14.74,15.13,15.36,15.34,15.26,15.55,15.22,15.16,14.99,15.40,15.80,15.31,15.30,15.62,15.63,15.82,16.10,15.66,15.40,15.76,16.19
Buenaventura,25.54,25.73,25.46,25.66,25.90,24.85,24.89,25.36,25.99,25.23,25.22,25.53,25.67,25.57,25.56,25.34,25.33,24.96,26.04,26.05,25.00,25.19,25.49,25.86,25.74,25.79,25.98,25.97,25.76,25.73,26.16,26.17,26.01,26.18,26.05,26.29,26.77,26.55,26.57,26.42,26.68,27.18
Caldas,18.78,19.26,18.72,18.75,18.70,17.77,18.08,18.17,19.00,18.46,18.24,18.63,18.80,18.67,18.55,18.52,18.62,18.15,19.05,19.34,18.28,18.53,19.04,19.38,19.39,19.16,19.53,19.22,19.18,18.79,19.59,19.83,19.36,19.67,19.79,19.93,20.45,20.52,20.00,19.96,20.34,20.70
Caqueta,23.95,24.12,23.97,23.73,24.08,23.40,23.70,23.41,23.97,23.89,23.49,23.75,23.95,23.93,23.54,23.62,23.97,23.43,23.85,24.07,23.33,23.57,23.52,23.70,23.61,23.96,24.22,24.02,24.15,24.14,24.13,24.50,24.21,23.92,23.97,24.10,24.22,24.50,24.46,24.18,24.20,24.92
Casanare,24.66,24.91,24.55,24.40,24.75,24.23,24.41,24.24,24.76,24.88,24.23,24.27,24.54,24.85,24.51,24.57,25.01,24.61,24.83,25.10,24.27,24.48,24.66,24.66,24.84,24.77,25.07,24.93,25.11,25.00,25.11,25.41,24.96,24.79,25.13,25.28,25.27,25.49,25.26,25.08,25.61,26.56
Cauca,19.61,19.81,19.63,19.73,19.82,18.92,18.97,19.41,20.11,19.40,19.25,19.71,19.77,19.65,19.62,19.49,19.44,19.10,19.83,20.03,19.04,19.25,19.59,19.82,19.67,19.92,20.13,20.06,19.96,19.79,20.27,20.28,20.08,20.10,20.11,20.25,20.67,20.62,20.50,20.43,20.71,21.07
Cesar,25.08,25.51,24.73,24.96,25.23,24.19,24.46,24.68,25.23,24.78,24.65,24.98,25.33,25.08,25.00,24.97,25.01,24.68,25.90,25.62,24.36,24.76,25.14,25.93,25.67,25.59,25.57,25.40,25.33,25.10,25.90,25.62,25.17,25.90,26.11,26.39,26.84,26.68,26.13,26.07,26.48,27.02
Choc√≥,25.05,25.26,24.96,25.10,25.24,24.18,24.28,24.69,25.36,24.65,24.59,24.92,25.09,25.02,24.98,24.82,24.90,24.49,25.52,25.60,24.49,24.73,25.13,25.59,25.50,25.53,25.72,25.54,25.46,25.23,25.92,25.95,25.65,25.93,25.93,26.14,26.59,26.44,26.25,26.12,26.42,26.84
Cordoba,26.34,26.66,26.18,26.11,26.27,25.32,25.65,25.77,26.50,26.10,25.74,26.01,26.29,26.17,26.14,26.03,26.36,25.78,26.66,26.78,25.70,26.03,26.36,26.87,26.84,26.87,27.06,26.78,26.78,26.50,27.14,27.21,26.77,27.15,27.28,27.53,27.89,27.77,27.56,27.39,27.81,28.49
Cundinamarca,18.41,19.00,18.44,18.42,18.63,17.76,17.90,17.90,18.74,18.20,18.00,18.45,18.57,18.58,18.40,18.19,18.35,17.97,18.73,19.07,18.03,18.15,18.66,18.92,18.90,18.76,18.99,18.72,18.71,18.43,19.08,19.16,18.78,18.91,19.15,19.28,19.63,19.71,19.41,19.17,19.53,20.07
Guainia,25.09,25.18,24.90,24.74,25.41,24.68,24.84,24.60,25.25,25.10,24.50,24.84,25.06,25.05,24.76,24.85,25.29,24.71,25.05,25.29,24.64,24.72,24.82,24.92,25.04,25.10,25.24,25.04,25.38,25.03,25.18,25.58,25.14,24.94,25.18,25.21,25.49,25.74,25.40,25.19,25.38,26.15
Guajira,25.85,26.12,25.82,25.75,26.23,25.58,25.34,25.61,26.23,25.77,25.68,25.84,26.08,26.04,26.17,26.12,26.10,25.90,26.21,26.47,25.58,25.62,26.03,26.39,26.35,26.08,26.19,26.40,26.20,25.95,26.42,26.47,26.07,26.55,26.75,26.78,27.09,26.89,26.44,26.40,26.67,26.68
Guaviare,24.77,24.95,24.60,24.36,24.81,24.16,24.54,24.18,24.71,24.82,24.27,24.49,24.77,24.15,24.31,24.47,24.80,24.27,24.66,24.89,24.18,24.36,24.32,24.52,24.53,24.69,24.80,24.62,24.91,24.82,24.72,25.21,24.84,24.52,24.74,24.89,24.90,25.20,25.16,24.88,24.98,25.75
Huila,19.61,19.81,19.63,19.73,19.82,18.92,18.97,19.41,20.11,19.40,19.25,19.71,19.77,19.65,19.62,19.49,19.44,19.10,19.83,20.03,19.04,19.25,19.59,19.82,19.67,19.92,20.13,20.06,19.96,19.79,20.27,20.28,20.08,20.10,20.11,20.25,20.67,20.62,20.50,20.43,20.71,21.07
Magdalena,26.10,26.49,25.90,26.06,26.31,25.30,25.46,25.76,26.34,25.82,25.65,26.06,26.20,26.04,26.05,26.09,26.11,25.81,26.92,26.66,25.60,25.79,26.18,27.00,26.73,26.59,26.58,26.50,26.38,26.12,26.84,26.65,26.19,26.87,27.03,27.33,27.78,27.53,27.26,27.20,27.58,27.96
Meta,23.90,24.19,23.77,23.59,23.90,23.19,23.57,23.32,23.89,24.08,23.41,23.57,23.82,23.93,23.51,23.66,23.96,23.40,23.84,24.12,23.35,23.61,23.62,23.80,23.85,23.80,24.05,23.90,24.19,24.22,24.13,24.54,24.20,23.94,24.05,24.33,24.24,24.49,24.34,24.19,24.49,25.31
Narino,21.14,21.33,21.11,21.31,21.55,20.56,20.55,20.97,21.68,20.91,20.80,21.22,21.31,21.26,21.20,21.03,20.95,20.67,21.40,21.57,20.47,20.69,20.98,21.20,21.05,21.39,21.58,21.58,21.43,21.30,21.72,21.70,21.51,21.52,21.49,21.67,22.13,22.05,21.98,21.87,22.15,22.54
Norte De Santander,21.14,21.56,20.99,20.96,21.41,20.57,20.44,20.61,21.51,20.92,20.62,20.94,21.25,21.32,21.26,21.06,21.24,20.94,21.63,21.83,20.60,20.74,21.40,21.74,21.79,21.51,21.80,21.47,21.53,21.20,21.69,22.10,21.40,21.86,22.23,22.48,22.62,22.82,21.81,21.69,22.22,22.58
Putumayo,22.77,22.97,22.92,22.67,22.95,22.27,22.44,22.25,22.91,22.73,22.31,22.60,22.75,22.79,22.49,22.50,22.81,22.24,22.64,22.87,22.09,22.32,22.37,22.49,22.36,22.88,23.24,23.03,23.13,23.09,23.15,23.49,23.17,22.89,22.93,22.98,23.17,23.45,23.46,23.19,23.25,23.94
Quindio,19.03,19.29,18.98,19.03,18.86,18.02,18.33,18.60,19.28,18.71,18.58,18.98,19.15,18.91,18.84,18.75,18.77,18.36,19.16,19.38,18.51,18.72,19.11,19.45,19.38,19.38,19.65,19.47,19.39,19.08,19.81,19.91,19.70,19.76,19.88,20.01,20.38,20.32,20.07,20.02,20.37,20.54
Risaralda,19.80,20.05,19.75,19.80,19.73,18.88,19.03,19.32,20.04,19.43,19.30,19.65,19.86,19.67,19.64,19.54,19.53,19.16,19.97,20.16,19.25,19.49,19.87,20.24,20.14,20.10,20.42,20.25,20.13,19.89,20.64,20.73,20.46,20.62,20.69,20.82,21.23,21.14,20.92,20.82,21.09,21.41
San Andres Y Providencia,26.47,26.55,26.38,26.39,26.76,26.23,26.14,26.08,26.71,26.42,26.20,26.47,26.56,26.59,26.60,26.53,26.76,26.45,26.73,27.00,26.44,26.36,26.46,26.76,26.74,26.67,26.91,26.74,26.80,26.53,26.73,26.90,26.67,26.74,26.86,26.83,27.02,27.11,27.07,26.81,27.04,27.00
Santander,22.66,23.09,22.37,22.49,22.71,21.74,22.11,22.09,22.82,22.30,22.00,22.38,22.72,22.58,22.47,22.36,22.56,22.11,23.10,23.15,22.08,22.24,22.77,23.20,23.19,23.02,23.15,22.86,22.88,22.53,23.14,23.33,22.93,23.35,23.52,23.73,24.08,24.18,23.85,23.75,24.22,24.63
Sucre,27.19,27.46,26.92,26.89,27.06,26.09,26.51,26.61,27.30,26.89,26.55,26.88,27.16,26.96,26.93,26.87,27.16,26.59,27.63,27.59,26.45,26.78,27.09,27.71,27.64,27.63,27.74,27.48,27.46,27.17,27.84,27.80,27.31,27.85,27.93,28.21,28.65,28.46,28.20,28.00,28.44,29.00
Tolima,18.40,19.11,18.45,18.47,18.64,17.56,17.75,17.91,18.89,18.10,17.99,18.51,18.50,18.55,18.36,18.16,18.24,17.74,18.69,19.05,17.85,18.01,18.69,18.99,19.02,18.89,19.15,18.89,18.87,18.42,19.15,19.24,18.89,19.15,19.29,19.40,19.90,19.95,19.64,19.47,19.92,20.41
Valle Del Cauca,21.33,21.54,21.27,21.41,21.45,20.53,20.62,21.05,21.72,21.01,20.94,21.32,21.46,21.29,21.28,21.12,21.07,20.72,21.63,21.73,20.77,20.99,21.32,21.67,21.55,21.61,21.85,21.76,21.62,21.49,22.04,22.07,21.91,22.01,21.98,22.17,22.59,22.44,22.38,22.27,22.53,22.91
Vaupes,24.75,24.81,24.58,24.47,24.98,24.30,24.56,24.20,24.82,24.71,24.26,24.55,24.71,24.67,24.36,24.45,24.85,24.40,24.68,24.97,24.24,24.35,24.42,24.56,24.63,24.71,24.92,24.68,24.84,24.69,24.78,25.25,24.78,24.47,24.72,24.81,25.08,25.21,25.08,24.78,24.89,25.46
Vichada,25.85,25.96,25.70,25.55,26.07,25.45,25.81,25.56,26.05,26.11,25.25,25.55,25.77,25.93,25.59,25.74,26.11,25.61,25.85,26.12,25.45,25.68,25.66,25.75,25.93,25.91,26.11,25.96,26.42,26.18,26.19,26.40,25.95,25.94,26.10,26.25,26.29,26.61,26.24,26.10,26.54,27.53